{
  "uas":87.8237654369,
  "las":84.8230316467,
  "ents_p":78.6523553965,
  "ents_r":78.934769599,
  "ents_f":78.7933094385,
  "tags_acc":95.362930869,
  "token_acc":100.0
}